indicator_id,name,kinedu_category,general_category,specific_category,spanish,gen_cat_EH,spe_cat_EH
504,Uses different decorating tools,NA,cognition,creativity, Utiliza diferentes instrumentos para decorar ,,
515,Expresses his/her creativity through drawings,NA,cognition,creativity,Expresa su creatividad por medio de dibujos,,
516,Starts to make horizontal strokes while drawing or painting ,NA,cognition,creativity,Comienza a hacer trazos horizontales,locomotor,fine motor control
517,Starts to make half-circle strokes while drawing or painting ,NA,cognition,creativity,Comienza a hacer trazos de medio cÌ_rculo,locomotor,fine motor control
518,Starts to make vertical strokes while drawing or painting ,NA,cognition,creativity,Comienza a hacer trazos verticales,locomotor,fine motor control
519,Starts to make circular strokes while drawing or painting ,NA,cognition,creativity,Comienza a hacer trazos circulares,locomotor,fine motor control
531,Uses different materials to assemble ,NA,cognition,creativity,Manipula distintos materiales de ensamble,,
532,Molds clay to form simple figures with help,NA,cognition,creativity,Moldea plastilina o masas con ayuda para formar figuras sencillas.,locomotor,fine motor control
561,"Colors, moving his/her hands up and down",NA,cognition,creativity,"Colorea, siguiendo un patrÌ_n de arriba-abajo ",,
322,Begins to accept the established limits,NA,cognition,executive function,Comienza aceptar lÌ_mites que se le marcan ,,
455,Begins to follow instructions while playing,NA,cognition,executive function,Comienza a seguir instrucciones al jugar,,
547,Keeps practicing an activity until he/she is successful,NA,cognition,executive function,Practica una actividad muchas veces hasta tener Ì©xito,,
52,Identifies instrument sounds,sound,cognition,knowledge,Identifica el sonido de los instrumentos,,
474,Identifies differences and similarities in a group of objects and shapes (e.g. knows that a ball and a circle are similar),NA,cognition,knowledge,Identifica caracterÌ_sticas similares y diferentes en un grupo de objetos y figuras (por Ej. sabe que una pelota y un cÌ_rculo son similares),cognition,abstract/conceptual reasoning
478,Identifies or names objects in a storybook,NA,cognition,knowledge,Identifica o nombra objetos dentro de un cuento,,
482,Identifies the images that are mentioned,NA,cognition,knowledge,Identifica las imÌÁgenes que le son mencionadas,,
483,Identifies characteristics of places when seen in pictures,NA,cognition,knowledge,Identifica caracterÌ_sticas de lugares cuando los observa en imÌÁgenes,,
506,Knows two or more of the five senses,NA,cognition,knowledge,Conoce los dos o mÌÁs sentidos,,
509,Describes a boy and a girl in an image,NA,cognition,knowledge,Describe un niÌ±o y una niÌ±a en un dibujo,,
511,Describes garments by their function,NA,cognition,knowledge,Describe las prendas de vestir por su funciÌ_n,,
512,Describes the objects that are indicated,NA,cognition,knowledge,Describe los objetos que se le indican,,
513,Distinguishes the square from the circle,NA,cognition,knowledge,DiferencÌ_a el cuadrado del cÌ_rculo,,
520,Identifies the daily activities of family members,NA,cognition,knowledge,Identifica actividades cotidianas de los miembros de la familia,,
525,Identifies sleepwear,NA,cognition,knowledge,Identifica la ropa para dormir,,
526,Identifies clothing by the weather it is worn in,NA,cognition,knowledge,Identifica la ropa segÌ_n el clima en la que se usa,,
527,"Verbally expresses the characteristics of objects, animals or people",NA,cognition,knowledge,"Expresa verbalmente caracterÌ_sticas de objetos, animales o personas",,
539,Touches his/her face and names the different parts with his/her eyes shut,NA,cognition,knowledge,"Con los ojos cerrados, toca partes de su cara y las nombra",,
549,Begins to understand what his/her ears are for,NA,cognition,knowledge,Comienza a entender la funciÌ_n de sus oÌ_dos,,
559,Traces previously marked lines with his/her finger,NA,cognition,knowledge,Sigue con su dedo trazos marcados previamente,,
560,Identifies objects in the shape of a circle,NA,cognition,knowledge,Identifica figuras en forma de cÌ_rculo,,
562,Uses brushes to trace previously marked lines,NA,cognition,knowledge,Utiliza brochas para realizar trazos marcados,locomotor,fine motor control
563,Distinguishes between clean and untidy places,NA,cognition,knowledge,Distingue entre lugares sucios y limpios,,
564,Answers questions about an image,NA,cognition,knowledge,Es capaz de responder preguntas en torno a una imagen,,
565,Knows what different cleaning utensils are for,NA,cognition,knowledge,Identifica el uso de diferentes utensilios de limpieza,,
566,Answers questions about a story,NA,cognition,knowledge,Es capaz de responder preguntas en torno a un cuento,,
567,Follows instructions and has greater control over his/her impulses,NA,cognition,knowledge,Sigue instrucciones y tiene mayor control sobre sus impulsos,cognition,executive function
568,Identifies the tools used by public servants,NA,cognition,knowledge,Identifica las herramientas de los servidores pÌ_blicos,,
569,Identifies and makes loud and soft noises,NA,cognition,knowledge,Identifica y realiza sonidos fuertes y suaves,,
570,Points at a specific geometric shape when asked to do so,NA,cognition,knowledge,SeÌ±ala la figura geomÌ©trica que se le indica,,
571,"Describes public servants (e.g. cops, firemen, etc.)",NA,cognition,knowledge,"Describe a los servidores pÌ_blicos (por Ej. policÌ_as, bomberos, etc.)",,
572,Recognizes and identifies sounds by naming them,NA,cognition,knowledge,"Reconoce e identifica sonidos, nombrÌÁndolos",,
573,Names more than three body parts when the five senses are explained,NA,cognition,knowledge,Nombra mÌÁs de tres partes del cuerpo cuando se le explican los cinco sentidos,,
574,Begins to understand the function of three or more body parts,NA,cognition,knowledge,Comienza a entender las funciones de tres o mÌÁs partes del cuerpo,,
578,Recognizes that plants are living things,NA,cognition,knowledge,Reconoce que las plantas son seres vivos,cognition,abstract/conceptual reasoning
579,Recognizes public servants,NA,cognition,knowledge,Reconoce servidores pÌ_blicos,,
580,Understands that the same object may be used in different ways,NA,cognition,knowledge,Comprende que los objetos se pueden usar de distintas maneras,cognition,abstract/conceptual reasoning
581,Identifies and names geometric shapes from an image,NA,cognition,knowledge,Identifica y nombra las figuras geomÌ©tricas al verlas en una imagen,,
582,"Identifies objects in the shape of a circle, square or triangle",NA,cognition,knowledge,"Identifica objetos con forma de cÌ_rculo, cuadrado o triÌÁngulo",,
493,Names all the primary colors,NA,cognition,knowledge,Nombra todos los colores primarios ,,
494,Tries to name a color when asked to do so,NA,cognition,knowledge,Intenta nombrar un color cuando se le pregunta cuÌÁl es ,,
495,Names the color green when prompted,NA,cognition,knowledge,Nombra el color verde cuando se le indica ,,
496,Names the color red when prompted,NA,cognition,knowledge,Nombra el color rojo cuando se le indica,,
497,Names the color yellow when prompted,NA,cognition,knowledge,Nombra el color amarillo cuando se le indica ,,
498,Names the color blue when prompted,NA,cognition,knowledge,Nombra el color azul cuando se le indica ,,
553,Begins to identify him/herself with his/her gender through toys and other objects,NA,cognition,knowledge,Comienza a identificarse con su gÌ©nero a travÌ©s de juguetes y objetos,,
554,Begins to understand what the nose is for,NA,cognition,knowledge,Comienza a entender la funciÌ_n de la nariz,,
555,Begins to understand what his/her hands are for,NA,cognition,knowledge,Comienza a entender las funciones de sus manos,,
557,Begins to understand what his/her mouth is for,NA,cognition,knowledge,Comienza a entender la funciÌ_n de la boca,,
449,Identifies musical instruments from an image when asked to do so,NA,cognition,knowledge,Identifica instrumentos musicales plasmados en imÌÁgenes cuando se le seÌ±alan,,
451,Identifies feelings displayed in images,NA,cognition,knowledge,Identifica sentimientos a travÌ©s de imÌÁgenes,,
452,Imitates the sound of objects he/she finds in images,NA,cognition,knowledge,Imita sonidos de objetos que encuentra en imÌÁgenes,,
585,Names primary colors and some secondary as well,NA,cognition,knowledge,Nombra todos los colores primarios y algunos secundarios ,,
542,Uses one hand more than the other,NA,cognition,misc,Utiliza mÌÁs una mano que otra,,
157,Associates sounds with objects,asociate,cognition,misc,Asocia sonidos con objetos,cognition,knowledge
432,Matches geometric shapes,NA,cognition,misc,Empareja figuras geomÌ©tricas,cognition,abstract/conceptual reasoning
433,Looks for and finds objects with a specific color,NA,cognition,misc, Busca y relaciona objetos con el color que se le indica,cognition,knowledge
434,"Distinguishes different places (home, school, park, etc)",NA,cognition,misc,"Distingue diferentes lugares (casa, escuela, parque, etc.)",cognition,knowledge
472,Has a sense of location in familiar places,NA,cognition,misc,Se ubica en el espacio en lugares conocidos,,
35,"Begins to understand cause and effect, like how bubbles disappear",asociate,cognition,physical understanding,Entiende un poco la relaciÌ_n causa-efecto como que las burbujas desaparecen ,cognition,abstract/conceptual reasoning
105,Starts to notice that different objects can have the same shape (e.g. a ball and a circle),asociate,cognition,physical understanding,Comienza a entender que diferentes objetos pueden tener la misma forma (por Ej. una pelota y un circulo),cognition,abstract/conceptual reasoning
106,"Associates movements with actions (e.g. knows that if he/she pushes an object, it moves)",asociate,cognition,physical understanding,"Relaciona movimientos con acciones (por Ej. Al empujar un objeto, sabe que Ì©ste se moverÌÁ)",cognition,abstract/conceptual reasoning
39,Tries different heights and distances during active play,cognitive,cognition,physical understanding,Prueba diferentes alturas y distancias durante el juego activo,cognition,abstract/conceptual reasoning
98,Recognizes cause and effect actions,cognitive,cognition,physical understanding,Reconoce acciones de causa y efecto,cognition,abstract/conceptual reasoning
185,"Solves his/her own problems by reaching, pulling or changing the position of objects",cognitive,cognition,physical understanding,"Da soluciÌ_n a sus problemas alcanzando, jalando o cambiando la posiciÌ_n de un objeto",cognition,abstract/conceptual reasoning
199,"Begins to recognize the characteristics of objects such as size, shape and texture",cognitive,cognition,physical understanding,"Empieza a reconocer las caracter’sticas de objetos como tama–o, forma, textura",cognition,abstract/conceptual reasoning
125,Follows the movement of an object and anticipates its fall,gaze,cognition,physical understanding,Sigue un objeto en movimiento y anticipa la caÌ_da,cognition,abstract/conceptual reasoning
178,Follows movement of an object on vertical and horizontal planes with his/her sight,gaze,cognition,physical understanding,"Con la mirada, sigue objetos en plano vertical y horizontal",cognition,abstract/conceptual reasoning
317,Finds objects hidden in a box or under a fabric,NA,cognition,physical understanding,"Encuentra objetos escondidos en una caja, bajo una tela o lienzo ",cognition,abstract/conceptual reasoning
331,Strategically looks for a hidden object ,NA,cognition,physical understanding, EstratÌ©gicamente busca un objeto escondido ,cognition,abstract/conceptual reasoning
332,Shows curiosity about his/her surroundings,NA,cognition,physical understanding,Demuestra curiosidad por su entorno,cognition,misc
12,Searches for hidden toys,search,cognition,physical understanding,Busca juguetes escondidos ,cognition,abstract/conceptual reasoning
183,Searches where objects or rattles fall when they are thrown,search,cognition,physical understanding,Cuando tira una sonaja o un objeto procura ver donde cayÌ_,cognition,abstract/conceptual reasoning
203,"Finds hidden objects, noticing that objects that are not in sight still exist",search,cognition,physical understanding,"Encuentra objetos escondidos, dÌÁndose cuenta que el objeto aÌ_n existe aunque no estÌ© a la vista ",cognition,abstract/conceptual reasoning
206,Is attentive towards objects he/she has seen be hidden,search,cognition,physical understanding,EstÌÁ atento ante objetos que Ì©l haya visto esconder,cognition,abstract/conceptual reasoning
266,Realizes when objects are missing,search,cognition,physical understanding,Se da cuenta cuando los objetos desaparecen,cognition,abstract/conceptual reasoning
500,Completes jigsaw puzzles of four to six pieces,NA,cognition,reasoning,Arma rompecabezas de cuatro a seis piezas,cognition,problem solving
501,Completes puzzles with geometric shapes,NA,cognition,reasoning,Arma rompecabezas de figuras geomÌ©tricas,cognition,problem solving
502,Sorts objects by their size,NA,cognition,reasoning,Clasifica objetos segÌ_n su tamaÌ±o,cognition,problem solving
503,Sorts objects by their shape,NA,cognition,reasoning,Clasifica por figuras geomÌ©tricas,cognition,problem solving
521,Groups objects by color,NA,cognition,reasoning,Agrupa objetos por color,cognition,abstract/conceptual reasoning
522,Understands the meaning of short and long,NA,cognition,reasoning,Comprende el significado de corto y largo,cognition,abstract/conceptual reasoning
523,Understands the meaning of big and small,NA,cognition,reasoning,Comprende el concepto de grande y chico,cognition,abstract/conceptual reasoning
524,Identifies the sequence of a short story,NA,cognition,reasoning,Identifica la secuencia de un cuento corto,cognition,misc
548,"Makes simple comparisons between two objects, like identifying which one is larger",NA,cognition,reasoning,"Puede hacer comparaciones simples entre dos objetos, como identificar quÌ© pelota es mÌÁs grande",cognition,abstract/conceptual reasoning
550,Sorts objects by their characteristics,NA,cognition,reasoning,Clasifica objetos segÌ_n sus caracterÌ_sticas,cognition,abstract/conceptual reasoning
492,Sorts objects by color,NA,cognition,reasoning,Clasifica objetos segÌ_n su color,cognition,abstract/conceptual reasoning
23,Says more continuous and better formed syllables ,talk,language and communication,babbling,Dice s’labas m‡s continuas y mejor formadas,,
31,"Begins to pronounce syllables (consonant with vowel ma, la, pa, da, É)",talk,language and communication,babbling,"Empieza a pronunciar s’labas (consonante m‡s vocal ""ma, la, pa, da, É"")",,
56,Begins babbling and attempting to form syllables,talk,language and communication,babbling,Inicia el balbuceo intentando formar s’labas,,
143,Vocalizes as a response towards a voice,talk,language and communication,babbling,Vocaliza como respuesta al escuchar una voz,,
175,"Begins to talk a bit (mama, dada)",talk,language and communication,babbling,"Comienza hablar un poco (mam‡, tete)",,
187,"Says disyllables (da-da, ba-ba)",talk,language and communication,babbling,"Dice dis’labos (da-da, ba-ba)",,
195,Emits sounds after hearing a voice,talk,language and communication,babbling,Emite sonidos al escuchar una voz,,
196,"Emits consonant sounds (sounds of m, n, p, t, d,É)",talk,language and communication,babbling,"Emite sonidos conson‡nticos (sonidos de letras ""m, n, p, t, d, É"")",,
197,Emits vowel sounds,talk,language and communication,babbling,Emite sonidos de vocales,,
226,"Plays with his/her voice: gargles, vocalizes and laughs in bursts",talk,language and communication,babbling,"Juega con su voz: gorjea, vocaliza y r’e a carcajadas",,
247,"Produces guttural sounds like ga, gu, gr",talk,language and communication,babbling,"Produce sonidos guturales como ""ag"", ""ug"", ""gr""",,
248,"Produces guttural and vowel sounds ga, gu, ma",talk,language and communication,babbling,"Produce sonidos guturales y vocales como ""ag"", ""gu"", ""ba""",,
249,Pronounces disyllabic words such as mama or papa,talk,language and communication,babbling,"Pronuncia palabras de dos s’labas como ""mam‡"" o ""pap‡""",,
254,"Repeats isolated syllables (ma-ma-ma, pa-pa-pa)",talk,language and communication,babbling,"Repite s’labas aisladas (ma-ma-ma, pa-pa-pa)",,
287,Smiles and begins to babble,talk,language and communication,babbling,Sonr’e y empieza a balbucear,,
301,Varies the tone and intensity of his/her babbling,talk,language and communication,babbling,Var’a el tono e intensidad en su balbuceo,,
88,Asks for help,adaptative,language and communication,communication,Pide ayuda,,
246,Asks for objects that he/she wants to reach,adaptative,language and communication,communication,Pide objetos que quiere alcanzar ,,
8,"Associates characteristics to a person, animal or thing (e.g. the cat meows)",asociate,language and communication,communication,"Asocia caracterÌ_sticas con una persona, animal o cosa (por Ej. El gato maÌ_lla)",cognition,knowledge
51,Reacts to different voice tones,communication abilities,language and communication,communication,Reacciona ante diferentes tonos de voz,,
180,Speaks with gestures,communication abilities,language and communication,communication,Conversa con gestos,,
333,Listens closely when he/she is spoken to,NA,language and communication,communication,Escucha atento al hablarle,,
344,Identifies by naming or pointing at his/her favorite toy,NA,language and communication,communication,Identifica nombrando o seÌ±alando su juguete favorito,,
353,Appears to understand conversations: looking at the speaker and repeating words,NA,language and communication,communication,Muestra comprensiÌ_n de lo que escucha: mirando al emisor y repitiendo palabras mencionadas,,
379,"Uses gestures and vocalizations to argue, joke and inform",NA,language and communication,communication,"Utiliza gestos y vocalizaciones para reÌ±ir, bromear y avisar",,
25,Points index finger towards objects he/she is about to take,point out,language and communication,communication,Dirige su dedo ’ndice hacia el objeto que va a tomar,,
219,Points and tries to say something in order to obtain an object he/she wants,point out,language and communication,communication,Indica e intenta decir algo para obtener el objeto que desea,,
278,Points at an object that he/she wants,point out,language and communication,communication,SeÌ±ala lo que desea,,
279,Points out the different things that are requested,point out,language and communication,communication,Se–ala los diversos objetos que se le pidan,,
42,Expresses like or dislike with his/her cries or facial expression,social and emotional,language and communication,communication,Expresa con su cara o gritos agrado o desagrado,,
59,Interacts through smiles and games,social and emotional,language and communication,communication,InteractÌ_a a travÌ©s de sonrisas y juegos,,
108,Repeats actions that get attention or are funny for others,social and emotional,language and communication,communication,Repite acciones que llaman la atenci—n o resultan graciosas para los dem‡s,,
126,Socializes and interacts with other kids through smiles and babbling,talk,language and communication,communication,Socializa e interactœa con otros ni–os a trav_s de sonrisas y balbuceos,,
544,Makes simple statements about recent events and about persons and objects that are not present,NA,language and communication,communication,Hace enunciados simples sobre acontecimientos recientes y sobre personas y objetos que no estÌÁn presentes,,
90,Pays greater attention to conversations and songs,cognitive,language and communication,comprehension,Pone mayor atenci—n a conversaciones y canciones,,
109,"Responds to three words such as look, the dog",communication abilities,language and communication,comprehension,"Responde conscientemente a tres palabras como ""mira el perro""",,
313,Identifies characters by pointing after reading a story,NA,language and communication,comprehension,Identifica personajes despuÌ©s de leer un cuento. ,,
320,Understands simple orders (e.g. pick up the toy),NA,language and communication,comprehension,"Comprende Ì_rdenes simples (por Ej. ""recoje el juguete"") ",,
321,Follows instructions during playtime,NA,language and communication,comprehension, Sigue instrucciones mientras juega,,
342,Identifies three or more parts of his/her face by pointing,NA,language and communication,comprehension,Identifica seÌ±alando tres o mÌÁs partes de su cara,,
348,Moves his/her mouth and face when prompted,NA,language and communication,comprehension,Realiza ejercicios bucofaciales cuando se le indica,,
352,Identifies by naming or pointing at musical instruments,NA,language and communication,comprehension,Identifica nombrando o seÌ±alando instrumentos musicales,,
360,Points to Mom and Dad,NA,language and communication,comprehension,"Puede seÌ±alar quiÌ©nes son ""papÌÁ"" y ""mamÌÁ""",,
363,Makes movements with his/her hands when prompted,NA,language and communication,comprehension,Hace movimientos con las manos cuando se le indica,,
366,Associates the sound emitted by an animal with its image,NA,language and communication,comprehension,Relaciona el sonido que emite un animal con su imagen,,
368,Responds to simple and short questions (e.g. how old are you?),NA,language and communication,comprehension,"Responde a preguntas simples y cortas (por Ej.""åÀcuÌÁntos aÌ±os tienes?"")",,
383,Responds when his/her name is called,NA,language and communication,comprehension,Responde cuando lo llaman por su nombre,,
384,Searches for familiar people when they are named,NA,language and communication,comprehension,Busca a las personas conocidas cuando alguien las nombra,,
385,Understands the concepts of up and down,NA,language and communication,comprehension,Reconoce los conceptos de arriba y abajo,cognition,abstract/conceptual reasoning
386,Understands the concepts of front and back,NA,language and communication,comprehension,Reconoce los conceptos de adelante y atrÌÁs,cognition,abstract/conceptual reasoning
387,Understands the concepts of outside and inside,NA,language and communication,comprehension,Reconoce los conceptos de adentro y afuera,cognition,abstract/conceptual reasoning
401,"Understands the concepts of up, in front, inside, and their antonyms",NA,language and communication,comprehension,"Reconoce los conceptos de arriba, adelante, adentro y sus antÌ_nimos",cognition,abstract/conceptual reasoning
404,"Distinguishes between up, inside, and their antonyms",NA,language and communication,comprehension,"Distingue entre los conceptos de arriba, adentro y sus antÌ_nimos",cognition,abstract/conceptual reasoning
420,Understands short stories,NA,language and communication,comprehension,Comprende cuentos cortos,,
421,Follows two-step instructions like find your doll and bring it to me,NA,language and communication,comprehension,"Sigue instrucciones de dos pasos como ""busca tu muÌ±eca y trÌÁela""",,
424,Says mom and dad accordingly,NA,language and communication,comprehension,Dice ‰ÛÏmamÌÁ‰Ûù y ‰ÛÏpapÌÁ‰Ûù discriminadamente,language and communication,communication
428,"Identifies the circle, triangle, and square",NA,language and communication,comprehension,"Identifica el cÌ_rculo, el triÌÁngulo y el cuadrado",cognition,knowledge
429,Identifies the circle,NA,language and communication,comprehension,Identifica el cÌ_rculo,cognition,knowledge
430,Identifies the triangle,NA,language and communication,comprehension,Identifica el triÌÁngulo,cognition,knowledge
431,Identifies the square,NA,language and communication,comprehension,Identifica el cuadrado,cognition,knowledge
19,Understands simple orders (e.g. pick up the toy),orders,language and communication,comprehension,"Comprende Ì_rdenes simples (por Ej. ""recoje el juguete"")",,
67,Can differentiate between Yes and No,orders,language and communication,comprehension,"Logra diferenciar el ""Si"" y el ""No""",,
107,Associates verbal commands with respective actions (gives you a toy when you ask for it),orders,language and communication,comprehension,Relaciona Ì_rdenes verbales con sus respectivas acciones (te da un juguete cuando se lo pides),,
148,Abides by certain norms (e.g. knows that paint goes on paper),orders,language and communication,comprehension,Acata ciertas normas (por Ej. sabe que la pintura va en el papel),cognition,knowledge
171,Begins to understand the meaning of no,orders,language and communication,comprehension,"Comienza a entender el significado del ""No""",,
176,Understands the meaning of no,orders,language and communication,comprehension,"Comprende el significado del ""No""",,
177,Begins to understand what is not permitted and sometimes stops an action when asked to do so,orders,language and communication,comprehension,Comienza a comprender lo prohibido y a veces interrumpe la acciÌ_n si se le ordena,cognition,executive function
192,Dominates simple tasks (e.g. picking up an object or putting on a hat),orders,language and communication,comprehension,Domina tareas sencillas (por Ej. recojer objetos o ponerse un gorro),cognition,misc
258,Gives you a toy if you ask for it,orders,language and communication,comprehension,Sabe tender hacia ti un juguete si se lo pides,,
282,Follows instructions during playtime,orders,language and communication,comprehension,Sigue instrucciones mientras juega,,
32,Begins to associate objects with their corresponding names,asociate,language and communication,comprehension,Empieza a relacionar los objetos con sus nombres correspondientes,,
69,"Identifies animal sounds, knows which animal emits which sound",asociate,language and communication,comprehension,"Logra identificar los sonidos de los animales, sabe quÌ© animal emite cierto sonido ",,
27,Turns towards known objects or people when they are named,communication abilities,language and communication,comprehension,Dirige su mirada hacia objetos o personas conocidas cuando le son nombrados,,
307,Points from one to three body parts when asked to do so,NA,language and communication,comprehension,SeÌ±ala de una a tres partes de su cuerpo cuando se le indica,,
311,Points to five body parts when asked to do so,NA,language and communication,comprehension,SeÌ±ala cinco partes de su cuerpo cuando se le indica,,
334,Knows the meaning of the number one and uses it properly,NA,language and communication,comprehension,Sabe el significado del nÌ_mero uno y lo aplica adecuadamente,,
335,Moves each body part when he/she is asked to do so,NA,language and communication,comprehension,Hace movimientos con las partes del cuerpo cuando se le indica,,
339,Points at different types of clothes when he/she is asked to do so,NA,language and communication,comprehension,SeÌ±ala las diferentes prendas de vestir que se le indican,,
341,Identifies by naming or pointing at his/her mouth and eyes,NA,language and communication,comprehension,Identifica nombrando o seÌ±alando sus ojos y su boca,,
505,Approximately understands from 100 to 300 words,NA,language and communication,comprehension,Comprende aproximadamente de 100-300 palabras,,
447,Understands the meaning of up and down,NA,language and communication,comprehension,Distingue entre arriba y abajo,,
448,Distinguishes between outside and inside,NA,language and communication,comprehension,Distingue entre adentro y afuera,,
450,Identifies familiar objects when they are named,NA,language and communication,comprehension,Identifica objetos familiares que le son nombrados,,
507,Tells a story,NA,language and communication,discourse,Cuenta un cuento,,
508,Gives his/her point of view of an image when prompted,NA,language and communication,discourse,Da su punto de vista de una imagen cuando se le pregunta ,,
533,Gives his/her point of view about a story,NA,language and communication,discourse,Opina sobre el cuento que escuchÌ_,,
545,Starts brief conversations and pays attention to them,NA,language and communication,discourse,Inicia conversaciones breves y les presta atenciÌ_n,,
510,Describes images,NA,language and communication,discourse,Describe imÌÁgenes,,
24,Says one to four words with meaning ,talk,language and communication,production,Dice una o cuatro palabras con significado ,,
328,Says three to four words with meaning,NA,language and communication,production,Dice tres a cuatro palabras con significado,,
343,Identifies by naming one or two parts of his/her face,NA,language and communication,production,Nombra una o dos partes de su cara,,
356,Names familiar objects,NA,language and communication,production,Nombra objetos familiares,,
370,Uses words to express him/herself,NA,language and communication,production,Utiliza palabras para expresarse,,
373,His/her vocabulary consists of approximately 50 words,NA,language and communication,production,Su vocabulario consta aproximadamente de 50 palabras,,
375,Says from four to six words with meaning,NA,language and communication,production,Dice de cuatro a seis palabras con significado,,
396,Identifies the color green when prompted,NA,language and communication,production,Identifica el color verde cuando se le indica,,
397,Identifies the color blue when prompted,NA,language and communication,production,Identifica el color azul cuando se le indica,,
398,Identifies the color red when prompted,NA,language and communication,production,Identifica el color rojo cuando se le indica,,
399,Identifies the color yellow when prompted,NA,language and communication,production,Identifica el color amarillo cuando se le indica,,
400,"Identifies primary colors when asked to do so (yellow, red, and blue)",NA,language and communication,production,"Identifica los colores primarios cuando se le indica (amarillo, rojo y azul)",,
419,Combines words to form short phrases,NA,language and communication,production,Combina palabras para crear frases cortas,,
425,Says a few words about an image,NA,language and communication,production,Dice algunas palabras sobre una imagen,,
426,Tries to say his/her name,NA,language and communication,production,Intenta decir su nombre,,
427,"Names the circle, triangle, and square",NA,language and communication,production,"Nombra el cÌ_rculo, el triÌÁngulo y el cuadrado",,
437,Names objects when asked to do so ,NA,language and communication,production,Nombra objetos cuando se le indica ,,
439,Uses ten to twenty words correctly and can even say short phrases,NA,language and communication,production,Dice de diez a veinte palabras con significado y hasta frases cortas,,
465,Asks for things by their name,NA,language and communication,production,Pide las cosas por su nombre,,
469,Repeats the name of different body parts when they are mentioned,NA,language and communication,production,Repite el nombre de partes del cuerpo cuando se le mencionan,,
586,Pronounces the letter B when asked to do so,NA,language and communication,production,Pronuncia la letra B cuando se le indica,,
587,Begins to pronounce syllables and words with the letter B,NA,language and communication,production,Comienza a pronunciar sÌ_labas y palabras que tienen la letra B,,
444,Identifies food and answers when asked if he/she wants to eat it,NA,language and communication,production, Identifica alimentos y responde cuando se le pregunta si quiere comerlos,,
445,Names one or two foods,NA,language and communication,production,Nombra uno o dos alimentos,,
446,Points at and names different body parts,NA,language and communication,production,SeÌ±ala y nombra las partes del cuerpo,,
390,Pronounces the letter P when prompted,NA,language and communication,sounds,Pronuncia la letra P cuando se le indica,,
391,Begins to pronounce syllables and words with the letter P,NA,language and communication,sounds,Comienza a pronunciar sÌ_labas y palabras con la letra P,,
392,Begins to pronounce the letter L,NA,language and communication,sounds,Comienza a pronunciar la letra L,,
393,Pronounces the letter M when prompted,NA,language and communication,sounds,Pronuncia la letra M cuando se le indica,,
394,Begins to pronounce syllables and words with the letter M,NA,language and communication,sounds,Comienza a pronunciar sÌ_labas y palabras que tienen la letra M,,
395,Places his/her tongue behind his/her teeth as an attempt to pronounce the letter T,NA,language and communication,sounds,Coloca su lengua detrÌÁs de sus dientes intentando pronunciar la letra T,,
402,Begins to pronounce the letter T,NA,language and communication,sounds,Comienza a pronunciar la letra T,,
403,Begins to pronounce syllables and words with the letter M and P,NA,language and communication,sounds,Comienza a pronunciar sÌ_labas y palabras que tienen la letra M y P,,
405,Begins to pronounce the letter B,NA,language and communication,sounds,Comienza a pronunciar la letra B,,
486,Begins to pronounce syllables and words with the letter L,NA,language and communication,sounds,Comienza a pronunciar sÌ_labas y palabras con que tienen la letra L,,
487,Pronounces the letter L when asked to do so,NA,language and communication,sounds,Pronuncia la letra L cuando se le indica,,
488,Begins to pronounce the letter S,NA,language and communication,sounds,Comienza a pronunciar la letra  S,,
489,Pronounces the letter T when asked to do so,NA,language and communication,sounds,Pronuncia la letra T cuando se le indica,,
490,Begins to pronounce syllables and words with the letter T,NA,language and communication,sounds,Comienza a pronunciar sÌ_labas y palabras que tienen la letra T,,
491,Presses his/her lips together as an attempt to pronounce the letter B,NA,language and communication,sounds,Presiona sus labios para intentar decir la  letra B,,
583,Pronounces the letter S when asked to do so,NA,language and communication,sounds,Pronuncia la letra S cuando se le indica,,
584,Begins to pronounce syllables and words with the letter S,NA,language and communication,sounds,Comienza a pronunciar sÌ_labas y palabras que tienen la letra S,,
534,Uses possesive words like mine,NA,language and communication,syntax,"Utiliza palabras posesivas como ""mÌ_o""",,
540,Uses one word to express a whole thought (e.g. park for take me to the park),NA,language and communication,syntax,Utiliza una palabra para expresar un pensamiento completo (por Ej. ‰ÛÏparque‰Ûù por ‰ÛÏllÌ©vame al parque‰Ûù),,
17,Begins to crawl,crawl,locomotor,crawling,Comienza a gatear,,
44,Crawls with greater ease from one spot to another,crawl,locomotor,crawling,Gatea con mayor facilidad de un lugar a otro,,
48,Attempts to crawl,crawl,locomotor,crawling,Hace el intento por gatear,,
72,Makes necessary movements to go up a step on all fours,crawl,locomotor,crawling,Logra realizar el movimiento para subir el escal—n a gatas,,
155,Learns to crawl up the stairs,crawl,locomotor,crawling,Aprende a subir escaleras a gatas,,
161,"Lying face down, thrusts from the hips attempting to drag him/herself along",crawl,locomotor,crawling,"Boca abajo, se empuja de la cadera intentando arrastrarse ",,
164,Changes directions easily when crawling,crawl,locomotor,crawling,Cambia de direcci—n f‡cilmente al gatear,,
173,Begins to position him/herself on all fours,crawl,locomotor,crawling,Comienza a ponerse en cuatro puntos (a gatas),,
200,Begins to have a coordinated crawl,crawl,locomotor,crawling,Empieza a tener gateo coordinado,,
230,Surpasses obstacles when crawling ,crawl,locomotor,crawling,Logra pasar por obst‡culos al gatear,,
262,Positions him/herself on all fours and swings forward and backward without moving forward,crawl,locomotor,crawling,Se acomoda en cuatro puntos (a gatas) y se balancea hacia delante y hacia atrÌÁs sin avanzar,,
264,"Drags him/herself on all fours, alternating arms and pushing legs symmetrically",crawl,locomotor,crawling,"Se arrastra a gatas, alternando los brazos y empujando las piernas sim_tricamente",,
265,Can move around dragging him/herself without lifting the belly,crawl,locomotor,crawling,Se arrastra sin levantar aœn el abdomen pero logra desplazarse,,
267,Moves and begins to adapt the ways he/she crawls,crawl,locomotor,crawling,Se desplaza adaptando sus formas de gateo,,
374,Crawls up stairs with help,NA,locomotor,crawling,Sube las escaleras gateando con ayuda,,
9,"Lying face down, supports weight on open hands with extended arms",position,locomotor,early body posture,"Boca abajo, se apoya en sus manos abiertas con los brazos extendidos",,
10,"Lying face up, continuously thrusts legs in front of his/her body",position,locomotor,early body posture,"Boca arriba, continuamente alza las piernas delante del cuerpo",,
11,"Lying face up, stretches back extending his/her backbone",position,locomotor,early body posture,"Boca arriba, estira su espalda extendiendo la columna vertebral",,
21,Starts showing firmness in his/her muscles and his/her arms and legs can be flexed,position,locomotor,early body posture,Empieza a mostrar firmeza en sus musculos y sus extremidades se pueden flexionar ,,
115,Rests on his/her elbows while lying face down,position,locomotor,early body posture,"Al estar boca abajo, se apoya con sus codos",,
136,"Lying face up, rests with his/her legs open and stretched at hip length",position,locomotor,early body posture,"Estando boca arriba, logra mantener sus piernas abiertas y estiradas a la altura de la cadera",,
158,Extends his/her arms forward while lying face down,position,locomotor,early body posture,"Boca abajo, extiende los brazos hacia adelante",,
194,"Lifts his/her legs together, bent or apart",position,locomotor,early body posture,"Eleva las piernas, juntas, flexionadas o separadas",,
201,Holds his/her arms to the sides with closed fists,position,locomotor,early body posture,Encoge los brazos a los lados con los pu–os cerrados,,
202,"Bends and opens legs to the sides, lifts feet",position,locomotor,early body posture,"Encoge y abre las piernas a los lados, levanta los pies",,
263,Supports his/her weight briefly on forearms,position,locomotor,early body posture,Se apoya brevemente en los antebrazos,,
277,Reacts to change in body position,position,locomotor,early body posture,Reacciona ante el cambio de posiciÌ_n corporal,,
291,Bends and flexes his/her knees,position,locomotor,early body posture,Tiene las rodillas flexionadas,,
292,Arches his/her back while turning,position,locomotor,early body posture,Arquea la espalda al voltear su cuerpo,,
293,His/her arms and legs are flexed,position,locomotor,early body posture,Tiene los brazos y piernas flexionadas,,
40,Explores his/her own body,cognitive,locomotor,early movements,Explora su cuerpo,,
64,Lifts one arm supporting his/her weight on the other one while facing down,movements,locomotor,early movements,"Al estar boca abajo, es capaz de levantar un brazo mientras usa el otro de apoyo",,
80,Moves his/her hands and feet voluntarily,movements,locomotor,early movements,Mueve sus manos y pies voluntariamente,,
86,Kicks when lying face up,movements,locomotor,early movements,Patalea cuando est‡ acostado boca arriba,,
141,Uses his/her hands and feet to make intentional movements ,movements,locomotor,early movements,Utiliza sus manos y pies para realizar movimientos intencionales,,
159,"Lying face down, extends arms and legs alternately or simultaneously",movements,locomotor,early movements,"Boca abajo, extiende los brazos y piernas alternada o simult‡neamente",,
207,Raises his/her legs while lying face up,movements,locomotor,early movements,Estando acostado boca arriba levanta las piernas,,
210,"Stretches his/her legs for a few seconds when held up, with feet on a surface",movements,locomotor,early movements,"Estira las piernas por pocos segundos cuando se le sostiene en posici—n vertical, con los pies apoyados en una superficie",,
215,Bends and extends legs alternately,movements,locomotor,early movements,Flexiona y extiende sus piernas alternadamente,,
242,Constantly kicks,movements,locomotor,early movements,Patalea constantemente,,
290,Shows improved hand coordination,movements,locomotor,early movements,Realiza movimientos mÌÁs coordinados con sus manos,,
300,Uses his/her hands to make intentional movements,movements,locomotor,early movements,Utiliza sus manos para realizar movimientos intencionales,,
414,Makes small paper pellets using his/her hands,NA,locomotor,fine motor,Forma bolitas de papel utilizando toda su mano,,
467,Tears paper into strips,NA,locomotor,fine motor,Rasga el papel en tiras,,
558,Inserts objects like a thread in a narrow orifice or hole,NA,locomotor,fine motor,Es capaz de ensartar objetos como un hilo dentro de un orificio angosto ,,
41,Explores his/her hands with the mouth ,hands,locomotor,hands,Explora sus manos con la boca,,
81,Observes his/her own hands,hands,locomotor,hands,Observa sus manos,,
82,Observes his/her own hands and explores one hand with the other,hands,locomotor,hands,Observa sus manos y explora con una mano la otra,,
114,Holds his/her feet with his/her hands when lying face up,hands,locomotor,hands,Se agarra los pies con las manos al estar boca arriba,,
146,Opens and closes his/her hands,hands,locomotor,hands,Abre y cierra sus manos,,
302,Sees and moves his/her hand in a fist,hands,locomotor,hands,Ve y mueve su mano empu–ada,,
305,Holds his/her head at torso level,NA,locomotor,hands,Mantiene la cabeza al nivel del torso,,
30,Supports his/her head completely,head,locomotor,head,Sostiene su cabeza completamente,,
75,Keeps his/her head held up while being face down,head,locomotor,head,Mantiene levantada la cabeza estando boca abajo,,
91,"When upright, he/she can turn his/her head left and right",head,locomotor,head,"En posiciÌ_n vertical, puede girar su cabeza de izquierda a derecha",,
132,"Holds his/her head up, but needs help sometimes",head,locomotor,head,"Sostiene la cabeza, pero en ciertas ocasiones requiere de ayuda",,
216,Turns his/her head to both sides when lying face up,head,locomotor,head,Gira la cabeza a ambos lados estando acostado boca arriba,,
220,"Begins supporting his/her head, lifts head for a few seconds when lying face down",head,locomotor,head,"Inicia el sostenimiento de la cabeza, levanta la cabeza por varios segundos en posici—n boca abajo",,
228,Maintains his/her head held for 10 seconds,head,locomotor,head,Logra mantener la cabeza erguida por 10 segundos,,
229,Maintains his/her head held for a few seconds,head,locomotor,head,Logra mantener la cabeza erguida por pocos segundos,,
233,Is able to maintain his/her head held up,head,locomotor,head,Mantiene la cabeza erguida,,
133,Holds one object in each hand,hold objects,locomotor,manipulation,Sostiene un objeto en cada mano,locomotor,coordination
134,Holds a small object,hold objects,locomotor,manipulation,Sostiene un objeto pequeÌ±o,locomotor,coordination
288,Holds big objects and plays with them,hold objects,locomotor,manipulation,Sostiene objetos grande y juega con ellos ,locomotor,coordination
2,Opens and closes boxes alternating hands,manipulate,locomotor,manipulation,Abre y cierra cajas alternando sus manos,locomotor,coordination
14,Holds two objects with a single hand,manipulate,locomotor,manipulation,Coloca dos objetos en una sola mano,locomotor,coordination
34,Inserts objects (like coins in a piggy bank),manipulate,locomotor,manipulation,Ensarta objetos (como monedas en un alcanc’a),locomotor,coordination
47,Turns hands to open and close containers,manipulate,locomotor,manipulation,Gira sus manos para abrir y cerrar recipientes,locomotor,coordination
57,Starts and stops the movement of a toy (e.g. a ball),manipulate,locomotor,manipulation,Inicia y detiene el movimiento de un juguete (por Ej. Una pelota),locomotor,coordination
58,Inserts a key with help,manipulate,locomotor,manipulation,Inserta una llave,locomotor,coordination
61,"Examines, touches and takes objects out from a box",manipulate,locomotor,manipulation,"Investiga, toca y saca objetos de una caja",locomotor,coordination
70,Can handle different materials or objects,manipulate,locomotor,manipulation,Logra manipular materiales u objetos,locomotor,coordination
71,Can flip through pages of a book (even if not one by one),manipulate,locomotor,manipulation,Logra pasar p‡ginas de un libro aunque no sea una por una,locomotor,coordination
74,"Flaps his/her hands at objects, takes them and transfers them from one hand to the other",manipulate,locomotor,manipulation,"Manotea objetos, los toma y los transfiere de una mano a la otra ",locomotor,coordination
96,Demonstrates controlled fine motor skills with his/her hands,manipulate,locomotor,manipulation,Realiza movimientos precisos y controlados con sus manos,locomotor,coordination
139,Uses the handle to open and close,manipulate,locomotor,manipulation,Utiliza la manija para abrir y cerrar,locomotor,coordination
142,Empties containers,manipulate,locomotor,manipulation,VacÌ_a recipientes,locomotor,coordination
147,Opens and closes a drawer,manipulate,locomotor,manipulation,Abre y cierra un caj—n,locomotor,coordination
156,Wrinkles or tears paper,manipulate,locomotor,manipulation,Arruga o rompe hojas de papel,locomotor,coordination
165,Switches objects from one hand to the other,manipulate,locomotor,manipulation,Cambia los objetos de una mano a otra,locomotor,coordination
170,Places and presses lids and/or covers with his/her fingers,manipulate,locomotor,manipulation,Coloca y presiona tapas o cubiertas con sus dedos,locomotor,coordination
172,Begins to place objects in a container,manipulate,locomotor,manipulation,Comienza a introducir objetos en un recipiente,locomotor,coordination
231,Shows good hand control when grasping objects,manipulate,locomotor,manipulation,Muestra control de manos al tomar objetos,locomotor,coordination
234,"Inserts items, three or four at a time, into a small container",manipulate,locomotor,manipulation,"Mete piezas en un recipiente peque–o, tres o cuatro a la vez",locomotor,coordination
235,Inserts and removes objects from a container,manipulate,locomotor,manipulation,Mete y saca objetos de un recipiente,locomotor,coordination
259,Takes keys out of locks,manipulate,locomotor,manipulation,Saca llaves de una cerradura,locomotor,coordination
260,"Takes items out of a small container, one at a time",manipulate,locomotor,manipulation,Saca una pieza de un recipiente peque–o a la vez,locomotor,coordination
261,Takes out and stores objects,manipulate,locomotor,manipulation,Saca y guarda objetos,locomotor,coordination
298,Uses both hands simultaneously to handle objects,manipulate,locomotor,manipulation,Usa dos manos al mismo tiempo para manipular objetos,locomotor,coordination
326,"Inserts items, three or four at a time, into a small container",NA,locomotor,manipulation,"Mete piezas en un recipiente pequeÌ±o, tres o cuatro a la vez",locomotor,coordination
327,Makes precise movements while using everyday objects,NA,locomotor,manipulation,Hace movimientos precisos al utilizar objetos cotidianos,locomotor,coordination
336,Moves his/her arms while using different materials,NA,locomotor,manipulation,Hace movimientos con sus manos utilizando diferentes materiales,locomotor,coordination
337,"Moves his/her hands up and down, and left and right on a paper",NA,locomotor,manipulation,"Realiza movimientos con sus manos de arriba-abajo y de un lado al otro, en un papel",locomotor,coordination
351,"When given an object, he/she leaves aside the object he/she was holding. ",NA,locomotor,manipulation,Deja a un lado un objeto al recibir uno nuevo,locomotor,coordination
357,"Passes small objects from one recipient to another, using his/her hands",NA,locomotor,manipulation,Pasa objetos pequeÌ±os de un recipiente a otro utilizando sus manos,locomotor,coordination
358,Places his/her fingers with paint on paper,NA,locomotor,manipulation,Plasma sus huellas digitales con pintura,locomotor,coordination
361,Tears different types of paper,NA,locomotor,manipulation,Rasga diferentes tipos de papel,locomotor,coordination
362,Wrinkles paper using both hands,NA,locomotor,manipulation,Arruga el papel utilizando las dos manos,locomotor,coordination
378,Uses the pincer grasp (index finger and thumb) coordinately,NA,locomotor,manipulation,Utiliza la prensiÌ_n en pinza coordinadamente,locomotor,coordination
306,Begins using the spoon and the fork while eating,NA,locomotor,other,Comienza a utilizar la cuchara y el tenedor al comer,locomotor,coordination
372,Blows through a straw,NA,locomotor,other,Sopla a travÌ©s de un popote,locomotor,coordination
473,Can turn the page of a hardcover book,NA,locomotor,other,Puede darle vuelta a la pÌÁgina de un libro de pasta dura,locomotor,coordination
477,Inserts objects like a thread in a large orifice or hole,NA,locomotor,other,Es capaz de ensartar objetos como un hilo dentro de un orificio ancho,locomotor,coordination
514,"Makes precise movements with his/her hands like opening, closing and handling objects",NA,locomotor,other," Realiza movimientos precisos con sus manos como: abrir, cerrar y manipular",locomotor,coordination
543,Forms paper or clay balls with his/her fingers,NA,locomotor,other,Forma bolitas de papel o plastilina utilizando los dedos,locomotor,coordination
484,No longer drops toys or objects,NA,locomotor,other,Ya no deja caer los juguetes u objetos,locomotor,coordination
466,Knows how to blow air through his or her mouth,NA,locomotor,other,Sabe soplar,locomotor,coordination
528,Coordinately kicks a ball,NA,locomotor,play,Patea pelotas coordinadamente,locomotor,coordination
529,Coordinately throws and catches a ball,NA,locomotor,play,Lanza y atrapa pelotas coordinadamente,locomotor,coordination
530,Tries to bounce a ball,NA,locomotor,play,Intenta botar una pelota,locomotor,coordination
535,Begins to jump,NA,locomotor,play,Comienza a saltar ,locomotor,coordination
536,"With help, rolls clay to make strips, rolling it in his/her hands or on the table",NA,locomotor,play,"Con ayuda hace tiras con plastilina, rodÌÁndola en sus manos o en la mesa.",locomotor,coordination
538,Walks up ramps,NA,locomotor,play,Sube rampas,locomotor,coordination
541,"Walks alone, stops, leans over and explores everything",NA,locomotor,play,"Ya camina solo, se para, se inclina y explora todo",locomotor,coordination
443,"Moves his/her hands up and down, left and right, and in circles",NA,locomotor,play,"Realiza movimientos de arriba-abajo, izquierda-derecha y cÌ_rculos con sus manos",locomotor,coordination
456,Throws a ball,NA,locomotor,play,Lanza pelotas,locomotor,coordination
458,Catches moving balls,NA,locomotor,play,Atrapa pelotas en movimiento,locomotor,coordination
556,Squeezes a squirt bottle or atomizer,NA,locomotor,play,Aprieta un atomizador,locomotor,coordination
43,Extends legs when pressure is placed on the soles of his/her feet,movements,locomotor,reflexes,Extiende sus piernas cuando se ejerce presi—n en la planta de los pies,,
131,Holds a small object in his/her hand for 10 seconds (grasping reflex),reflex,locomotor,reflexes,Sostiene en su mano un objeto peque–o durante 10 segundos (reflejo de prensi—n),,
137,Has all of the newborn reflexes,reflex,locomotor,reflexes,Tiene los reflejos de reciÌ©n nacido,,
150,"When startled, throws arms in the air with the palms of his/her hands facing up, stretches back and neck and quickly retracts arms back to chest (Moro reflex)",reflex,locomotor,reflexes,"Al asustarse, echa los brazos al aire, con las palmas de sus manos hacia arriba, estira su espalda y cuello y r‡pidamente retrae los brazos de vuelta al pecho (reflejo de Moro)",,
169,Closes his/her hand when given a stimulus (grasping reflex),reflex,locomotor,reflexes,Cierra la mano al recibir un est’mulo (reflejo de prensi—n),,
193,Stretches and spreads his/her toes when the sole of his/her foot is rubbed (Babinski reflex),reflex,locomotor,reflexes,Estira el dedo gordo del pie y los dedos se abren cuando se frota la planta del pie (reflejo de Babinski),,
236,"When the roof of his/her mouth is touched, he/she begins to suck (sucking reflex)",reflex,locomotor,reflexes,Muestra el reflejo de chupeteo (intenta succionar un objeto),,
289,"When his/her cheek is stroked, your baby opens his/her mouth and moves his/her head towards the direction of the stroking (rooting reflex).",reflex,locomotor,reflexes,"Al acariciar a tu bebÌ© en la mejilla, abre la boca y dirije su cabeza hacia el estimulo (reflejo de bÌ_squeda).",,
144,Turns toward a stimuli to the cheek,social and emotional,locomotor,reflexes,Voltea ante un est’mulo en la mejilla,,
92,Can flip from face up and face down easily,turn,locomotor,rolling,Puede voltearse boca arriba y boca abajo f‡cilmente,,
151,"While lying face down, flips to face-up position",turn,locomotor,rolling,Al estar boca abajo se voltea boca arriba,,
160,"Lying face down, turns on own body (pivoting on belly button, left and right)",turn,locomotor,rolling,"Boca abajo, gira sobre su propio cuerpo (sobre su ombligo, hacia la derecha e izquierda )",,
257,Rolls to his/her side,turn,locomotor,rolling,Rueda hacia el costado,,
33,"While face up, attempts to sit up when pulled by the hands",sit,locomotor,sitting,"En posici—n boca arriba, hace intentos por sentarse cuando se le jala de las manos ",,
118,Remains sitting without support,sit,locomotor,sitting,Se mantiene en posici—n sentado sin soporte,,
121,Sits with help and maintains his/her torso firm,sit,locomotor,sitting,Se sienta con apoyo y mantiene el tronco firme ,,
162,"While lying face up, raises his/her head and attempts to sit up",sit,locomotor,sitting,"Boca arriba, levanta la cabeza e intenta sentarse",,
227,Can stay seated between cushions,sit,locomotor,sitting,Logra estar sentado entre cojines,,
270,"Sits up by him/herself and remains seated for a few minutes, even without support",sit,locomotor,sitting,"Se incorpora solo a la posici—n de sentado y se queda sentado durante unos minutos, incluso sin apoyarse",,
272,Remains seated with support of his/her hands placed in front of his/her body (tripod),sit,locomotor,sitting,"Se mantiene sentado solo, apoyando sus manos adelante (tr’pode)",,
276,Sits up with help,sit,locomotor,sitting,Se sienta con apoyo,,
381,Goes down stairs with help,NA,locomotor,stairs,Baja escaleras con ayuda,,
382,"Goes down three steps with help, alternating his/her feet",NA,locomotor,stairs,"Baja tres escalones alternando los pies, con ayuda",,
413,Goes down a flight of stairs crawling backwards,NA,locomotor,stairs,Baja las escaleras gateando hacia atrÌÁs,,
471,"Walks up and down stairs with help, resting both feet on each step",NA,locomotor,stairs,Sube y baja una escalera con ayuda y descansando ambos pies en cada escalÌ_n,,
499,Alternates his/her feet and stays balanced while going down stairs,NA,locomotor,stairs,Al bajar escaleras alterna sus piernas y mantiene el equilibrio,,
113,Holds on to furniture to stand up and stay standing,standing,locomotor,standing,Se agarra de los muebles para levantarse y quedarse de pie,,
119,Stands and sits by him/herself,standing,locomotor,standing,Se para y se sienta solo,,
123,Is able to climb most pieces of furniture in the house,standing,locomotor,standing,Puede treparse en la mayorÌ_a de los muebles de la casa,,
130,"Supports his/her own weight when held up, with his/her feet on a surface",standing,locomotor,standing,"Soporta su propio peso cuando se le sostiene en posiciÌ_n vertical, con los pies apoyados sobre una superficie",,
208,"Standing up, leans back with help until seated",standing,locomotor,standing,"Estando de pie, se inclina con apoyo hasta sentarse",,
209,"Being seated, leans forward and gets on knees",standing,locomotor,standing,Estando sentado se inclina hacia adelante y se levanta sobre las rodillas,,
222,Attempts to climb small pieces of furniture,standing,locomotor,standing,Intenta treparse a muebles pequeÌ±os,,
232,Stays balanced when standing or walking,standing,locomotor,standing,Mantiene el equilibrio al pararse o caminar,,
245,Remains standing and held on to something,standing,locomotor,standing,Permanece parado y agarrado de algo,,
273,Stands up with help,standing,locomotor,standing,Se pone de pie con ayuda,,
274,Stands up by him/herself,standing,locomotor,standing,Se pone de pie solo ,,
275,"Kneels, raises one leg and stands up supporting him/herself with furniture",standing,locomotor,standing,"Se pone de rodillas, levanta una pierna y se incorpora apoy‡ndose en un mueble",,
297,"When crawling, repeatedly lays a foot on the floor as an exercise previous to standing up",standing,locomotor,standing,Una y otra vez al gatear planta una pierna en el suelo como ejercicio previo a ponerse de pie,,
438,"While sitting, stands up without support",NA,locomotor,standing,"Estando sentado, puede pararse sin apoyo",,
459,Stays balanced while carrying out activities standing up,NA,locomotor,standing,Mantiene el equilibrio mientras realiza actividades estando de pie,,
470,Is able to squat down and get back up,NA,locomotor,standing,Se agacha en cuclillas,,
415,Walks without support,NA,locomotor,walking,Camina sin apoyo,,
416,Walks without falling down,NA,locomotor,walking,Camina sin caerse,,
4,"While walking, stops and returns to grab an object",walk,locomotor,walking,Al caminar se detiene y regresa para tomar objetos  ,,
13,Walks with little support,walk,locomotor,walking,Camina con poco apoyo,,
15,Begins to walk by leaning on the furniture,walk,locomotor,walking,Comienza a caminar apoy‡ndose en los muebles,,
16,Begins to walk alone,walk,locomotor,walking,Comienza a caminar solo,,
124,Begins to walk if held from underneath his/her arms ,walk,locomotor,walking,Comienza a caminar si se le sostiene por debajo de los brazos,,
166,Walks aiding him/herself with furniture,walk,locomotor,walking,Camina apoyÌÁndose en los muebles,,
167,Walks while holding someone with one or both hands,walk,locomotor,walking,Camina con ayuda tom‡ndose de una o de las dos manos,,
168,Walks and kicks if held by the hand,walk,locomotor,walking,Camina y patea si se le sostiene de una mano,,
181,Coordinates movements while walking by alternating his/her feet to get from one side to another,walk,locomotor,walking,"Al caminar, coordina sus movimientos alternando los pies para pasar de un lado a otro",,
182,Coordinates movements by alternating his/her feet to walk on narrow surfaces,walk,locomotor,walking,Coordina sus movimientos alternando sus pies para caminar sobre superficies estrechas,,
184,Takes steps forward with less help,walk,locomotor,walking,Da pasos hacia adelante disminuyendo ayuda,,
271,Remains standing and spontaneously begins walking alone,walk,locomotor,walking,Se mantiene en pie y camina de manera espont‡nea solo,,
309,Carries an object while walking,NA,locomotor,walking,Lleva un objeto al caminar,,
324,Begins to walk alone,NA,locomotor,walking,Comienza a caminar solo,,
325,Is able to squat down,NA,locomotor,walking,Estando de pie es capaz de inclinarse flexionando las rodillas y volver a pararse,,
350,Stays balanced when standing or walking,NA,locomotor,walking,Mantiene el equilibrio al pararse o caminar,,
355,Pushes or pulls toys while walking,NA,locomotor,walking, Empuja o jala juguetes al caminar,,
453,Starts walking without support,NA,locomotor,walking,Camina y se detiene sin apoyo,,
140,Uses objects to pull and push,actions with objects,play,actions with objects,Utiliza objetos para empujar y jalar,locomotor,manipulation
149,Shakes objects,actions with objects,play,actions with objects,Agita objetos,locomotor,manipulation
217,Bangs one object with another,actions with objects,play,actions with objects,Golpea un objeto contra otro,locomotor,manipulation
223,Pulls objects,actions with objects,play,actions with objects,Jala objetos,locomotor,manipulation
224,Pulls objects with a string,actions with objects,play,actions with objects,Jala objetos con un cord—n,locomotor,manipulation
62,"Places objects together, builds and assembles them with one on top of the other",build,play,building,"Junta objetos, unos sobre otros, arma y ensambla  ",locomotor,fine motor control
179,Builds towers of two cubes or blocks,build,play,building,Construye torres de dos cubos o bloques,locomotor,fine motor control
268,Is entertained by stacking cubes,build,play,building,Se entretiene colocando cubos encima de otros ,locomotor,fine motor control
314,Builds towers with two to four blocks,NA,play,building,Construye torres de dos a cuatro cubos o bloques,locomotor,fine motor control
442,Creates drawings with paint and brushes,NA,play,creativity,Hace dibujos usando pintura y brochas,locomotor,fine motor control
457,Goes to get objects after tossing them,NA,play,creativity,Lanza objetos y va por ellos,locomotor,coordination
5,Modifies his/her behavior by following an example while playing,imitate,play,imitation,"Al jugar, modifica su comportamiento bajo el est’mulo del ejemplo",cognitive,imitation
7,Articulates words by imitation,imitate,play,imitation,Articula palabras por imitaci—n,cognitive,imitation
22,Says bye-bye and claps,imitate,play,imitation,"Dice adi—s, aplaude",cognitive,imitation
53,Imitates actions ,imitate,play,imitation,Imita acciones ,cognitive,imitation
54,Imitates a syllable pronounced by someone else,imitate,play,imitation,Imita alguna s’laba pronunciada por otra persona,cognitive,imitation
55,Imitates animal sounds,imitate,play,imitation,Imita los sonidos de los animales,cognitive,imitation
189,Enjoys common games where you imitate other people,imitate,play,imitation,Disfruta de los juegos en comÌ_n imitando a los mayores ,cognitive,imitation
218,Imitates movements and facial expressions,imitate,play,imitation,Imita movimientos y expresiones faciales,cognitive,imitation
345,Deliberately imitates movements,NA,play,imitation,Imita movimientos deliberadamente,cognitive,imitation
346,Imitates different animal sounds,NA,play,imitation,Imita los sonidos de los animales,cognitive,imitation
347,Imitates mouth movements intentionally,NA,play,imitation,Imita movimientos con la boca intencionalmente,cognitive,imitation
406,Uses an object properly after observing how an adult does so,NA,play,imitation,Utiliza un objeto despuÌ©s de la demostraciÌ_n de un adulto,cognitive,imitation
315,Sings and dances when he/she hears familiar songs,NA,play,music,Baila y canta cuando escucha canciones conocidas,cognitive,music
318,Imitates gestures while singing,NA,play,music,"Imita ademanes, cuando canta canciones",cognitive,music
338,"Follows the rhythm of a song with his/her hands and feet, or with instruments",NA,play,music," Sigue el ritmo de la mÌ_sica utilizando las palmas, los pies o instrumentos musicales ",cognitive,music
359,Pays attention to songs,NA,play,music,Presta atenciÌ_n a canciones,cognitive,music
365,Begins to remember songs,NA,play,music,Comienza a recordar canciones,cognitive,music
371,"Identifies different rhythms, dancing according to the song",NA,play,music,"Identifica diferentes ritmos de mÌ_sica, bailando de acuerdo a la canciÌ_n",cognitive,music
376,Plays different musical instruments,NA,play,music,Toca diferentes instrumentos musicales,cognitive,music
412,Dances to the music with accessories like ribbons,NA,play,music,Baila con la mÌ_sica utilizando accesorios como telas y listones,cognitive,music
417,Sings and dances along to the rhythm of a song,NA,play,music,Canta y baila siguiendo el ritmo de una canciÌ_n,cognitive,music
101,Recognizes distinct rhythms when they are shown,rhythm,play,music,Reconoce los diversos ritmos que se le muestran,cognitive,music
255,"Responds to music by balancing, jumping and trying to hum",rhythm,play,music,"Responde a la mœsica balance‡ndose, salta y trata de tararear",cognitive,music
468,Recognizes the sound of different musical instruments,NA,play,music,Reconoce el sonido de distintos instrumentos musicales,cognitive,music
537,Recalls and sings the words to a song,NA,play,music,Recuerda y canta las palabras de una canciÌ_n,cognitive,music
37,Is capable of grabbing objects that are within reach,grasp objects,play,objects,Es capaz de asir los objetos que estÌÁn al alcance de su mano,locomotor,coordination
83,"Observes and reaches for small, attractive objects by dragging him/herself or crawling",grasp objects,play,objects,Observa y alcanza objetos peque–os y llamativos con un movimiento de arrastre o gateo,locomotor,coordination
116,Drags him/herself or stretches out to reach something,grasp objects,play,objects,Se arrastra o estira para alcanzar algo ,locomotor,coordination
135,Lets go and drops objects he/she is grabbing,grasp objects,play,objects,Suelta y deja caer lo que tiene en sus manos,locomotor,coordination
152,Reaches small objects with raking movement,grasp objects,play,objects,"Alcanza objetos peque–os con movimientos de ""rastrillo""",locomotor,coordination
153,Reaches objects and takes them with an open hand,grasp objects,play,objects,Alcanza objetos y los toma con la mano abierta,locomotor,coordination
198,Begins trying to grab objects with his/her hands,grasp objects,play,objects,Empieza a intentar asir con las manos,locomotor,coordination
205,Makes voluntary movements by grabbing objects deliberately,grasp objects,play,objects,"Es capaz de asir objetos deliberadamente, haciendo sus movimientos voluntarios",locomotor,coordination
213,Extends arms to take objects and holds them with his/her entire hand,grasp objects,play,objects,Extiende los brazos para tomar objetos y los agarra con toda la mano,locomotor,coordination
221,Attempts to grab objects that are out of reach,grasp objects,play,objects,Intenta alcanzar objetos fuera de su alcance,locomotor,coordination
238,Moves his/her body to grab an object,grasp objects,play,objects,Mueve el cuerpo para asir algœn objeto,locomotor,coordination
239,Moves his/her legs until reaching a nearby object,grasp objects,play,objects,Mueve las piernas hasta alcanzar un objeto cercano,locomotor,coordination
251,Picks up objects easily without the use of his/her thumb,grasp objects,play,objects,Recoge objetos con facilidad sin el uso del pulgar,locomotor,coordination
269,Stretches out to reach something,grasp objects,play,objects,Se estira para alcanzar algo ,locomotor,coordination
294,Firmly holds an object placed in his/her hands for a few seconds,grasp objects,play,objects,Toma con firmeza por segundos un objeto puesto en su mano ,locomotor,coordination
295,Tries to grab small objects using the index finger and thumb (pincer grasp) ,grasp objects,play,objects,Intenta tomar con sus manos objetos pequeÌ±os utilizando su pulgar e Ì_ndice (prensiÌ_n en pinza),locomotor,coordination
296,Takes objects using his/her fingers,grasp objects,play,objects,Toma objetos utilizando sus dedos,locomotor,coordination
299,Uses both hands to reach an object,grasp objects,play,objects,Usa sus dos manos para alcanzar un objeto,locomotor,coordination
464,Portrays family members while playing,NA,play,pretend,Personifica a los miembros de la familia al jugar ,cognitive,pretend
475,Starts playing imaginary games (e.g. dressing up or acting like a fireman),NA,play,pretend,Comienza a jugar juegos imaginarios (por Ej. disfrazarse o actuar como un bombero),cognitive,pretend
85,Participates in the representation of daily activities (e.g. a pretend phone call),adaptative,play,pretend,Participa en la representaciÌ_n de actividades cotidianas (por Ej. Simula hablar por telÌ©fono),cognitive,pretend
329,Enjoys playing pretend (e.g. pretending his/her spoon is a plane),NA,play,pretend,Disfruta los juegos de simulaciÌ_n (como simular que la cuchara es un aviÌ_n al comer),cognitive,pretend
354,Plays with adults,NA,play,social ,Juega con adultos ,social and emotional,play
84,Voluntarily offers his/her own toys while playing with other kids,social and emotional,play,social ,Ofrece voluntariamente sus propios juguetes para jugar con otros ni–os ,social and emotional,play
225,Plays with other people,social and emotional,play,social ,Juega con otras personas,social and emotional,play
310,"Moves toys with wheels (cars, trains, etc.)",NA,play,toy play,"Mueve juguetes que tienen ruedas (carritos, trenes, etc.)",locomotor,coordination
312,Begins to flatten and press clay,NA,play,toy play,Comienza a amasar y aplastar la plastilina,locomotor,coordination
316,Doodles from the top to the bottom of a paper,NA,play,toy play,Realiza garabateos de arriba hacia abajo en un papel,locomotor,fine motor control
319,Colors freely,NA,play,toy play,Colorea libremente,cognitive,creativity
330,Doodles energetically,NA,play,toy play,Elabora garabatos enÌ©rgicamente,cognitive,creativity
367,Stays within the margins of a paper,NA,play,toy play,Respeta los mÌÁrgenes de las hojas,locomotor,fine motor control
369,Takes out and stores objects without needing help,NA,play,toy play,Saca y guarda objetos sin requerir ayuda,locomotor,coordination
377,Grabs a pencil with his/her fist and his/her thumb up,NA,play,toy play,Toma un lÌÁpiz con el puÌ±o y con el pulgar hacia arriba,locomotor,coordination
388,Tries to make a small ball out of clay,NA,play,toy play,Intenta hacer bolitas con la  plastilina,locomotor,coordination
389,Shows interest towards his/her toys,NA,play,toy play,Muestra interÌ©s por sus juguetes,cognitive,creativity
407,Builds towers with four to six blocks ,NA,play,toy play, Construye torres de cuatro a seis cubos o bloques ,locomotor,coordination
408,Disassembles toys that are designed to be put together and apart,NA,play,toy play,Desarma juguetes que han sido diseÌ±ados para armar y desarmar ,locomotor,coordination
409,Fits together wooden puzzles,NA,play,toy play,Arma rompecabezas con resaques,locomotor,coordination
410,Fits together a two to four piece jigsaw puzzle,NA,play,toy play,Arma rompecabezas de dos a cuatro piezas,locomotor,coordination
418,Colors following instructions,NA,play,toy play,Colorea siguiendo instrucciones,cognitive,creativity
422,Shows he/she enjoys decorating objects,NA,play,toy play,Muestra gusto al decorar objetos,cognitive,creativity
423,Uses different materials while decorating,NA,play,toy play,Decora utilizando diferentes materiales,cognitive,creativity
436,Pays attention and shows interest during story time,NA,play,toy play,Escucha con atenciÌ_n y se interesa por un cuento,cognitive,creativity
440,Traces shapes with different materials,NA,play,toy play,Realiza movimientos trazando formas con diferentes materiales,cognitive,creativity
460,Shows interest and attention to drawings,NA,play,toy play,Muestra interÌ©s y atenciÌ_n ante dibujos,cognitive,creativity
462,Pastes materials in the right place,NA,play,toy play,Pega un material en el lugar indicado,cognitive,creativity
463,Pastes materials on a sheet of paper,NA,play,toy play,Es capaz de pegar materiales en una hoja,cognitive,creativity
479,Draws and paints using his/her fingers,NA,play,toy play,Dibuja y pinta utlizando sus dedos,cognitive,creativity
480,Uses different colors while decorating,NA,play,toy play,Decora utilizando diferentes colores,cognitive,creativity
481,"Moves his/her hands left and right, while using crayons or brushes",NA,play,toy play,"Mueve sus manos de izquierda a derecha, utilizando crayones o pinceles",locomotor,coordination
38,Is alert to sound and startled by loud noises,sound,sensation,audition,"Est‡ alerta al sonido, se sobresalta ante ruidos fuertes",,
46,Turns his/her head when the doorbell or phone rings,sound,sensation,audition,Gira la cabeza si oye el timbre de la puerta o del telÌ©fono,,
65,Locates the object that emits a specific sound,sound,sensation,audition,Localiza el objeto que emite el sonido identificado,,
66,Locates the source of a sound by turning his/her head in different directions,sound,sensation,audition,Localiza fuentes de sonido girando la cabeza en los distintos planos de movimiento,,
68,Fixates his/her attention towards a sound,sound,sensation,audition,Logra fijar su atenci—n ante un sonido,,
87,Perceives sounds and feels vibrations from speakers,sound,sensation,audition,Percibe sonidos y siente vibraciones,,
145,Turns toward the direction of a sound,sound,sensation,audition,Voltea hacia donde est‡ el ruido,,
163,Searches for the source of a sound,sound,sensation,audition,Busca el origen del sonido,,
303,Turns his/her head toward whoever observes or talks to him/her,sound,sensation,audition,Voltea la cabeza hacia quien le observa o le habla,,
73,Brings the objects he/she holds to his/her mouth,mouth,sensation,mouthing,Toma objetos y se los lleva a la boca,,
154,"Reaches an object, takes it with the palm of his/her hand and takes it to his/her mouth",mouth,sensation,mouthing,"Alcanza un objeto, lo toma con la palma y lo lleva a la boca  ",,
304,Reacts differently towards different smells,NA,sensation,olfaction,Reacciona de distintas maneras ante diferentes olores,,
94,Shows pleasure when he/she smells familiar odors,smell,sensation,olfaction,Demuestra agrado ante olores familiares ,,
104,Reacts differently to familiar smells,smell,sensation,olfaction,Reacciona de manera diferente a olores conocidos,,
576,Recognizes and identifies smells,NA,sensation,olfaction,Reconoce e identifica olores,,
476,Shows liking while eating without help,NA,sensation,taste,Muestra agrado al comer sin ayuda,,
577,"Distinguishes tastes, showing a preference for some",NA,sensation,taste,"Distingue entre sabores, muestra preferencia por alguno",,
1,Opens his/her hand anticipating contact ,touch,sensation,texture,Abre la mano anticip‡ndose al contacto,,
29,Distinguishes between a little and a lot,touch,sensation,texture,Distingue entre mucho y poco,cognition,abstract/conceptual reasoning
49,Identifies different objects with different textures,touch,sensation,texture,Identifica diferentes objetos con distintos tipos de texturas,,
50,Identifies different textures,touch,sensation,texture,Identifica diferentes texturas,,
93,Shows preference to certain textures,touch,sensation,texture,Muestra preferencia a ciertas texturas,,
100,Recognizes what is hot and cold,touch,sensation,texture,Reconoce lo que esta fr’o y caliente,,
138,Reacts in different manners to different temperatures,touch,sensation,texture,Reacciona de manera distinta a diferentes temperaturas,,
191,Is interested in different objects with distinct textures,touch,sensation,texture,Se interesa por las diferentes texturas de los objetos,,
211,Experiments with and reacts to different textures,touch,sensation,texture,Experimenta y reacciona ante el contacto con texturas diferentes,,
212,"Experiments with and recognizes different textures (smooth, gritty, hard, bland)",touch,sensation,texture,"Experimenta y reconoce diferentes texturas (liso, rasposo, duro, blando)",,
243,Reacts differently between hot and cold stimuli,touch,sensation,texture,Reacciona differente ante el frÌ_o y el calor,,
244,Reacts towards different textures,touch,sensation,texture,Reacciona ante diferentes texturas,,
364,Identifies different textures,NA,sensation,texture,Identifica diferentes texturas,,
89,Pays attention for one minute,cognitive,sensation,visual attention,Pone atenciÌ_n por un minuto,cognitive,executive function
3,Shakes arms when something catches his/her attention,social and emotional,sensation,visual attention,Agita sus brazos cuando algo le llama la atenciÌ_n ,,
117,Shows interest in his/her surroundings when upright,cognitive,sensation,visual attention,Se interesa por su entorno desde la posiciÌ_n de erguido,,
188,Directs his/her attention to the outside world,cognitive,sensation,visual attention,Dirige su atenci—n hacia su mundo exterior,,
28,Voluntarily directs his/her attention towards a person or situation,communication abilities,sensation,visual attention,Dirige voluntariamente su atenci—n hacia una persona o situaci—n,,
6,Alternates his/her attention (sight) between two objects,gaze,sensation,visual attention,Alterna su atenci—n (mirada) entre dos objetos,,
77,Stares at objects and follows them with his/her sight ,gaze,sensation,visual attention,Mira objetos durante cierto tiempo y los sigue con sus ojos,,
214,Fixates his/her sight on attractive objects that are 18 inches away,gaze,sensation,visual attention,Fija su mirada en objetos llamativos que se encuentran a 45 cm de distancia,,
281,Follows the movements of objects or people with his/her sight,gaze,sensation,visual attention,Sigue con la vista el movimiento de un objeto o de personas,,
340,Intently observes images,NA,sensation,visual attention, Observa imÌÁgenes atentamente ,,
575,Distinguishes between long and short objects,NA,sensation,visual attention,Distingue entre objetos largos y cortos,,
122,Calms down when he/she hears familiar voices,social and emotional,social and emotional,attachment,Se tranquliza cuando oye voces familiares,,
186,Identifies and rejects strangers,social and emotional,social and emotional,attachment,Desconoce a extra–os,,
237,Demonstrates satisfaction and peace when fed and caressed,social and emotional,social and emotional,attachment,Muestra satisfacci—n y tranquilidad al alimentarlo y al acariciarlo,,
250,Protests when left alone,social and emotional,social and emotional,attachment,Protesta cuando se le deja solo,,
253,Playfully bumps his/her head with someone else,social and emotional,social and emotional,attachment,Repite la acci—n de acercar su cabeza a otra,,
349,Plays alone for short periods of time,NA,social and emotional,attachment,Juega solo durante periodos breves,,
461,Shows first signs of independence while playing and exploring,NA,social and emotional,attachment,Muestra primeros indicios de independencia al jugar y explorar,,
63,Observes closely how you do things,adaptative,social and emotional,attention,Observa atentamente las acciones que haces ,,
76,Stares into eyes,gaze,social and emotional,attention,Mira a los ojos ,,
240,Observes faces,gaze,social and emotional,attention,Observa los rostros ,,
280,Follows parents with his/her sight within a 180 degree range,gaze,social and emotional,attention,Sigue a sus padres con la vista dentro de un rango de 180¡ ,,
26,Stares at the person that speaks to him/her,communication abilities,social and emotional,attention,Dirige su mirada hacia la persona que le habla,,
546,Pays attention to the person who is speaking,NA,social and emotional,attention,Presta atenciÌ_n a la persona que habla durante una conversaciÌ_n,,
323,"Shows interest, joy, or objection towards new experiences",NA,social and emotional,emotional,"Ante nuevas experiencias muestra interÌ©s, placer, protesta y cariÌ±o",,
45,Gesticulates and vocalizes wants and needs,social and emotional,social and emotional,emotional,Gesticula y vocaliza sus deseos y necesidades,,
60,Interacts with people,social and emotional,social and emotional,emotional,Interactœa con la gente,,
78,Demonstrates anger when his/her activities are interrupted,social and emotional,social and emotional,emotional,Muestra enojo cuando interrumpen sus actividades,,
79,Demonstrates responses of like or dislike,social and emotional,social and emotional,emotional,Muestra respuestas de agrado o desagrado,,
204,"Is affectionate with toys, animals and other kids",social and emotional,social and emotional,emotional,"Es cariÌ±oso con juguetes, animales y otros niÌ±os",,
380,Shows adults his/her toys,NA,social and emotional,play,Muestra sus juguetes a los adultos ,,
485,Plays with peers or adults,NA,social and emotional,play,Juega con pares o adultos,,
551,Imitates children his/her age or older,NA,social and emotional,play,Imita a niÌ±os de su edad o mÌÁs grandes,,
552,Begins a conversation with kids his/her age,NA,social and emotional,play,Comienza a establecer un diÌÁlogo con niÌ±os de su edad,,
454,Interacts with kids his/her age and lends his/her toys,NA,social and emotional,play,InteractÌ_a con niÌ±os de su edad y ofrece sus juguetes,,
95,Reacts with excitement and shows interest when seeing him/herself in the mirror,recognize,social and emotional,recognition,Muestra interÌ©s y se emociona al verse en el espejo,,
97,Recognizes his/her parents,recognize,social and emotional,recognition,Reconoce a sus padres,,
99,Recognizes the ability of his/her hands to grab objects (starts grabbing objects intentionally),recognize,social and emotional,recognition,Reconoce la habilidad de sus manos de tomar objetos (comienza a tomar objetos intencionalmente),,
102,Shows interest in familiar objects,recognize,social and emotional,recognition,Muestra interÌ©s hacia objectos conocidos,,
103,Recognizes objects and begins to use them adequately (sippy cup is for drinking),recognize,social and emotional,recognition,Reconoce objetos y comienza a utilizarlos adecuadamente (el vaso entrenador es para beber),,
120,Recognizes him/herself in a mirror,recognize,social and emotional,recognition,Se reconoce a s’ mismo en un espejo,,
252,Recognizes a person and talks to him/her,recognize,social and emotional,recognition,Reconoce a una persona y le habla,,
111,Responds differently towards a family member than a stranger,social and emotional,social and emotional,recognition,Responde de diferente manera ante un familiar y un extra–o,,
110,Walks or crawls towards you when his/her name is called,cognitive,social and emotional,recognition,Se acerca a ti cuando lo llamas por su nombre,,
435,Identifies family members by naming or pointing at them ,NA,social and emotional,recognition,Identifica nombrando o seÌ±alando a los miembros de su familia,,
441,Associates objects to the family members that use them,NA,social and emotional,recognition,Asocia objetos con los miembros de su familia que los utilizan,,
112,"Laughs, shrieks and takes the initiative to vocalize",smile,social and emotional,smiling,"RÌ_e, grita y toma la iniciativa para vocalizar",,
127,Smiles at family members,smile,social and emotional,smiling,SonrÌ_e a miembros de la familia,,
128,Smiles when he/she spots his/her reflection in a mirror,smile,social and emotional,smiling,SonrÌ_e al verse reflejado en un espejo,,
129,Smiles and reacts with joy towards affectionate stimuli,smile,social and emotional,smiling,Sonr’e y reacciona con alegr’a ante est’mulos cari–osos,,
256,Responds to a smiling adult with a smile ,smile,social and emotional,smiling,Responde con una sonrisa a un adulto sonriente,,
283,Smiles at people,smile,social and emotional,smiling,Sonr’e a las personas,,
284,Smiles when he/she sees someone who seems familiar,smile,social and emotional,smiling,SonrÌ_e al ver personas que le son familiares,,
285,Smiles spontaneously when accompanied,smile,social and emotional,smiling,Sonr’e espont‡neamente al estar acompa–ado,,
286,Smiles by instinct when caressed,smile,social and emotional,smiling,SonrÌ_e por instinto ante una caricia,,
241,Participates in daily activities like putting away his/her toys,adaptative,social and emotional,social routines,Participa en actividades cotidianas como al guardar sus juguetes,,
174,Begins to use objects to attract others,cognitive,social and emotional,social routines,Comienza a utilizar objetos para atraer otros,,
308,Hugs people he/she knows,NA,social and emotional,social routines,Abraza a personas conocidas,,
411,Helps you while dressing and undressing,NA,social and emotional,social routines,Ayuda al vestirse y desvestirse,,
20,"Stretches his/her arms to be carried, when he/she likes someone",social and emotional,social and emotional,social routines,Estira los brazos para que lo carguen cuando alguien le agrada,,
36,Is affectionate,social and emotional,social and emotional,social routines,Es afectuoso,,
190,Enjoys bath time; keeps eyes open and demonstrates satisfaction when feeling the warm water,social and emotional,social and emotional,social routines,Disfruta el baÌ±o; mantiene los ojos abiertos y muestra satisfacciÌ_n al sentir el agua tibia,,